b599388b-33a0-4600-aecc-57ea6683520a,Lunch
7b2eb901-2bbd-4589-bb9c-5967412e8724,Dinner
e6869806-05fc-4104-bcf0-1250bfc68271,Lunch
13c32971-7b24-429e-a0cc-594f5927a647,Lunch
55564ce6-bd18-4681-8fea-079205500cf4,Breakfast
3de9e333-5d80-41b8-916e-7ecebfb135a2,Dinner
eee2cf2b-ec46-4f29-a3c5-74fb33046f6a,Breakfast
592a99ba-2be4-4b14-a99c-fea37ec4aa99,Breakfast
0d61f873-1b98-4603-b1a3-03d8703b1b92,Swiming Pool
484d03b9-7297-45be-90c4-57677611c7e2,Swiming Pool
38bd8839-6ca6-4664-be93-708b0d5d7509,Breakfast
e8655948-aec8-4b04-92ee-723150b45566,Swiming Pool
48341a1f-4cff-4006-b589-eba910b236dc,Swiming Pool
21e9dccd-5436-44ae-b64d-de2cd0187a7c,Breakfast
bdaccccb-027e-4c17-95d8-84a94c377a5b,Lunch
1968003b-038a-4d8e-aa1f-5a82f0ee726c,Dinner
4a20c94f-beb5-473f-9ff2-8a1edd8f7992,Swiming Pool
711e7c07-a657-4ca8-b24a-5dc1182439c1,Breakfast
06dae857-1cbf-4bbb-86c9-847aac02f843,Breakfast
d95e28f7-f083-4593-822a-3d7dc1136507,Lunch
e10dfa0c-8bb2-460c-a089-444ffbb0eb7e,Lunch
eee55621-439b-4831-8145-4c4e1f3672e8,Lunch
049bc4ba-f1d6-4b09-98ad-ed8c50a9f31c,Lunch
75008573-346c-46fe-a4df-232b0b8b23ba,Dinner
043f77e1-715e-4591-89dc-dbdd5773578c,Breakfast
72fdea74-4f9a-451e-9f7b-847e8f813232,Dinner
c5509cc5-6adc-4ae1-b343-a47a095e8d8b,Breakfast
f091a4cc-186b-4c29-8cc1-78d337b3263d,Dinner
35f33a8b-f04d-44f7-a86b-aec56f9fdb52,Swiming Pool
56da5d60-e923-483e-8ec1-c53915d42a71,Dinner
11b9de7e-e7c6-472c-b2a7-53db22ffc1e9,Lunch
e83fb567-07e0-4002-ab7c-73821907a504,Dinner
edb16002-9520-41d0-abbf-2a4fa7a72ba4,Swiming Pool
0e3c14eb-72d7-4120-996c-295b65a56317,Dinner
b7094eb1-b488-42f6-909b-e0ce25fc9308,Swiming Pool
40fb4a0e-3e68-4832-ae27-524ff6becd0a,Swiming Pool
153582b3-068e-40d5-8d59-e4b95315c3b1,Dinner
1130ef3a-b9f9-4c34-87d2-16a185aafe97,Swiming Pool
e9ab36e0-cbe8-4162-b740-0d68141cfac2,Breakfast
c503123c-1f50-4adb-8e68-fad1f782fd72,Lunch
